patient_id,full_name,age,gender
BN100,Le Van C,30,F
BN101,Hoang Van E,35,M
BN102,Pham Thi D,50,M
BN103,Le Van C,25,F
BN104,Nguyen Van A,30,F
BN105,Le Van C,25,F
BN106,Hoang Van E,25,F
BN107,Nguyen Van A,25,M
BN108,Hoang Van E,30,M
BN109,Tran Thi B,30,F
BN110,Hoang Van E,40,F
BN111,Nguyen Van A,40,F
BN112,Hoang Van E,25,F
BN113,Tran Thi B,40,M
BN114,Pham Thi D,50,F
BN115,Pham Thi D,40,F
BN116,Le Van C,25,F
BN117,Hoang Van E,40,M
BN118,Tran Thi B,35,F
BN119,Le Van C,50,F
BN120,Hoang Van E,35,F
BN121,Hoang Van E,30,F
BN122,Le Van C,35,M
BN123,Nguyen Van A,50,M
BN124,Tran Thi B,25,M
BN125,Hoang Van E,30,M
BN126,Hoang Van E,1,F
BN127,Hoang Van E,30,M
BN128,Le Van C,1,F
BN129,Nguyen Van A,25,M
BN130,Nguyen Van A,30,F
BN131,Tran Thi B,25,F
BN132,Nguyen Van A,25,M
BN133,Pham Thi D,35,M
BN134,Nguyen Van A,40,F
BN135,Nguyen Van A,30,F
BN136,Nguyen Van A,1,F
BN137,Le Van C,35,F
BN138,Le Van C,50,M
BN139,Hoang Van E,25,F
